<?xml version='1.0' encoding='UTF-8' ?>
<timeLogEntries>
  <time id="1" path="/Proyecto/CALIDAD DE LOS SISTEMAS 1/MADR/Programa1/PSP0/Planning" start="@1759862659476" delta="4" />
  <time id="2" path="/Proyecto/CALIDAD DE LOS SISTEMAS 1/MADR/Programa1/PSP0/Planning" start="@1759883795513" delta="1" />
  <time id="3" path="/Proyecto/CALIDAD DE LOS SISTEMAS 1/MADR/Programa1/PSP0/Design" start="@1759883802109" delta="15" interrupt="10" />
  <time id="4" path="/Proyecto/CALIDAD DE LOS SISTEMAS 1/MADR/Programa1/PSP0/Code" start="@1759885317925" delta="63" />
  <time id="5" path="/Proyecto/CALIDAD DE LOS SISTEMAS 1/MADR/Programa1/PSP0/Compile" start="@1759889075665" delta="7" interrupt="4" />
  <time id="6" path="/Proyecto/CALIDAD DE LOS SISTEMAS 1/MADR/Programa1/PSP0/Test" start="@1759889729520" delta="11" />
  <time id="7" path="/Proyecto/CALIDAD DE LOS SISTEMAS 1/MADR/Programa1/PSP0/Postmortem" start="@1759890375261" delta="7" />
  <time id="8" path="/Proyecto/CALIDAD DE LOS SISTEMAS 1/MADR/Programa2/PSP0/Planning" start="@1759975434538" delta="5" interrupt="1" />
  <time id="9" path="/Proyecto/CALIDAD DE LOS SISTEMAS 1/MADR/Programa2/PSP0/Design" start="@1759976410971" delta="16" />
  <time id="10" path="/Proyecto/CALIDAD DE LOS SISTEMAS 1/MADR/Programa2/PSP0/Code" start="@1759977380005" delta="41" />
  <time id="11" path="/Proyecto/CALIDAD DE LOS SISTEMAS 1/MADR/Programa2/PSP0/Compile" start="@1759979810614" delta="7" />
  <time id="12" path="/Proyecto/CALIDAD DE LOS SISTEMAS 1/MADR/Programa2/PSP0/Test" start="@1759980252424" delta="1" />
  <time id="13" path="/Proyecto/CALIDAD DE LOS SISTEMAS 1/MADR/Programa2/PSP0/Planning" start="@1759980790654" delta="1" />
  <time id="14" path="/Proyecto/CALIDAD DE LOS SISTEMAS 1/MADR/Programa2/PSP0/Design" start="@1759980795180" delta="1" />
  <time id="15" path="/Proyecto/CALIDAD DE LOS SISTEMAS 1/MADR/Programa2/PSP0/Code" start="@1759980802206" delta="1" />
  <time id="16" path="/Proyecto/CALIDAD DE LOS SISTEMAS 1/MADR/Programa2/PSP0/Test" start="@1759980807193" delta="7" interrupt="5" />
  <time id="17" path="/Proyecto/CALIDAD DE LOS SISTEMAS 1/MADR/Programa2/PSP0/Postmortem" start="@1759981587958" delta="3" />
  <time id="18" path="/Proyecto/CALIDAD DE LOS SISTEMAS 1/MADR/Programa3/PSP0/Planning" start="@1760402722529" delta="2" />
  <time id="19" path="/Proyecto/CALIDAD DE LOS SISTEMAS 1/MADR/Programa3/PSP0/Planning" start="@1760403278682" delta="2" interrupt="1" />
  <time id="20" path="/Proyecto/CALIDAD DE LOS SISTEMAS 1/MADR/Programa3/PSP0/Design" start="@1760403447356" delta="6" />
  <time id="21" path="/Proyecto/CALIDAD DE LOS SISTEMAS 1/MADR/Programa3/PSP0/Design" start="@1760405087970" delta="7" />
  <time id="22" path="/Proyecto/CALIDAD DE LOS SISTEMAS 1/MADR/Programa3/PSP0/Code" start="@1760405528674" delta="24" />
  <time id="23" path="/Proyecto/CALIDAD DE LOS SISTEMAS 1/MADR/Programa3/PSP0/Compile" start="@1760406940627" delta="2" />
  <time id="24" path="/Proyecto/CALIDAD DE LOS SISTEMAS 1/MADR/Programa3/PSP0/Test" start="@1760407065690" delta="3" />
  <time id="25" path="/Proyecto/CALIDAD DE LOS SISTEMAS 1/MADR/Programa3/PSP0/Postmortem" start="@1760407257738" delta="1" />
</timeLogEntries>
