<?xml version='1.0' encoding='UTF-8' ?>
<timeLogEntries>
  <time path="/Proyecto/new&#10;/Proyecto/SISTEMAS PROPIETARIOS" flag="R" />
  <time path="/Proyecto/SISTEMAS PROPIETARIOS/new&#10;/Proyecto/SISTEMAS PROPIETARIOS/Tipos de Inyección de Dependencias en .NET" flag="R" />
  <time id="26" path="/Proyecto/SISTEMAS PROPIETARIOS/Tipos de Inyección de Dependencias en .NET/PSP0/Planning" start="@1761102319399" delta="11" flag="A" />
  <time id="27" path="/Proyecto/SISTEMAS PROPIETARIOS/Tipos de Inyección de Dependencias en .NET/PSP0/Planning" start="@1761103298167" delta="1" flag="A" />
  <time id="28" path="/Proyecto/SISTEMAS PROPIETARIOS/Tipos de Inyección de Dependencias en .NET/PSP0/Design" start="@1761103301085" delta="44" flag="A" />
  <time id="29" path="/Proyecto/SISTEMAS PROPIETARIOS/Tipos de Inyección de Dependencias en .NET/PSP0/Code" start="@1761105963437" delta="59" flag="A" />
  <time id="30" path="/Proyecto/SISTEMAS PROPIETARIOS/Tipos de Inyección de Dependencias en .NET/PSP0/Compile" start="@1761109488707" delta="3" flag="A" />
  <time id="31" path="/Proyecto/SISTEMAS PROPIETARIOS/Tipos de Inyección de Dependencias en .NET/PSP0/Test" start="@1761109651999" delta="20" flag="A" />
  <time id="32" path="/Proyecto/SISTEMAS PROPIETARIOS/Tipos de Inyección de Dependencias en .NET/PSP0/Postmortem" start="@1761110888045" delta="3" flag="A" />
</timeLogEntries>
